ปริมาณการจำหน่าย|ราย|จังหวัด| |น้ำมันดีเซลหมุนเร็วธรรมดา| |สาขา|สถานี|บริการ|
ข้อมูลคุณภาพอากาศ|ประเทศไทย| |(|PM|10|)| |ราย|ชั่วโมง| |พ.ศ.|2557| |กรมควบคุมมลพิษ|
พื้นที่|ป่าไม้| |แยก|ราย|จังหวัด| |ปี| |2558|
รายงานพลังงานทดแทน|ของ|ประเทศไทย| |2557| |(|Thailand| |Alternative| |Energy| |Situation| |2014)|
ปริมาณการ|จำหน่าย|ราย|จังหวัด| |แก๊สโซฮอล์| |91| |สาขา|สถานี|บริการ|
ปริมาณการ|จำหน่าย|ราย|จังหวัด| |แก๊สโซฮอล์| |อี| |20| |สาขา|สถานี|บริการ|
ปริมาณการ|จำหน่าย|ราย|จังหวัด| |แก๊สโซฮอล์| |95| |สาขา|สถานี|บริการ|
ข้อมูลด้านสิ่งแวดล้อม| |องค์กรปกครองส่วนท้องถิ่น|
แหล่งสิ่งแวดล้อม|ศิลปกรรม|ของ|ประเทศไทย|
ข้อมูลผลการตรวจวัดคุณภาพน้ำ|จาก|สถานีตรวจวัดคุณภาพน้ำอัตโนมัติ|แบบ| |real|-|time| |ของ|กรมควบคุมมลพิษ| |ใน|ลุ่มน้ำเจ้าพระยา|
ปริมาณการจำหน่าย|ราย|จังหวัด| |ก๊าซแอลพีจี| |สาขา|สถานี|บริการ|
การผลิต| |การใช้| |และ|การนำเข้า|สุทธิ| |พลังงานเชิงพาณิชย์ขั้นต้น| |จำแนก|ตาม|เชื้อเพลิง|
การจัดสรรค่าภาคหลวงให้| |อบต.| |อบจ.| |และ|เทศบาล|ทั่วประเทศ| |ปี| |2553|-|2558|
รายงานดุลยภาพพลังงาน|ของ|ประเทศไทย| |ปี| |2558| |(|Energy| |Balance| |of| |Thailand| |2015)|
ปริมาณการจำหน่าย|ราย|จังหวัด| |แก๊สโซฮอล์| |อี| |85| |สาขา|สถานี|บริการ|
ข้อมูลผลการตรวจวัดคุณภาพน้ำ|จาก|สถานีตรวจวัดคุณภาพน้ำอัตโนมัติ|แบบ| |real|-|time| |ของ|กรมควบคุมมลพิษ| |ใน|ลุ่มน้ำท่าจีน|
ปริมาณการจำหน่าย|ราย|จังหวัด| |แก๊สโซฮอล์| |91| |สาขา|อุตสาหกรรม|
Mineral| |Production| |of| |Thailand| |(|2011|-|2015|)| |for| |the| |period| |of| |January| |-| |March| |2015|
ปริมาณการจำหน่าย|ราย|จังหวัด| |ก๊าซแอลพีจี| |สาขา|อุตสาหกรรม|
ผลการดำเนินงานด้านพลังงานทดแทน| |เดือน| |ม.ค.| |-| |มิ.ย.| |2558| |(|ปี|ปฎิทิน|)| |และ| |เดือน| |ต.ค.| |2557| |-| |มิ.ย.| |2558| |(|ปีงบประมาณ|)|
ปริมาณการจำหน่าย|ราย|จังหวัด| |ดีเซล|พื้นฐาน| |สาขา|อุตสาหกรรม|
ปริมาณการจำหน่าย|ราย|จังหวัด| |แก๊สโซฮอล์| |อี| |20| |สาขา|การขนส่ง|
