รายได้เฉลี่ย|ภาค|จังหวัด
รายได้เฉลี่ย|คน|จังหวัด
จำนวนครัวเรือน|คนในครัวเรือน|รายได้เฉลี่ย|น้อยกว่า
รายจ่ายเฉลี่ย|คน|จังหวัด
อัตราการว่างงาน|เพศ
จำนวนประชากร|อายุ|ขึ้นไป|สถานภาพแรงงาน|เพศ
ตำแหน่งงานว่าง|อาชีพ|วุฒิการศึกษา
ผู้ลงทะเบียนสมัครงาน|อาชีพ|วุฒิการศึกษา
การบรรจุงาน|อาชีพ|วุฒิการศึกษา
ข้อมูลการจัดหางาน|ในประเทศ|จังหวัด
ผู้ลงทะเบียนสมัครงาน|ตำแหน่งงานว่าง|การบรรจุงาน|อายุ
รายได้เฉลี่ย|แหล่งที่มา|รายได้|สถานะทางสังคม
ผู้ลงทะเบียนสมัครงาน|ตำแหน่งงานว่าง|การบรรจุงาน|ระดับการศึกษา
ตำแหน่งงานว่าง|อุตสาหกรรม|วุฒิการศึกษา
ผู้ลงทะเบียนสมัครงาน|ตำแหน่งงานว่าง|การบรรจุงาน|อาชีพ|รายอาชีพ|ความต้องการ
ตำแหน่งงานว่าง|อาชีพ|อายุ
การบรรจุงาน|อาชีพ|อายุ
รายได้เฉลี่ย|แหล่งที่มา|รายได้|ภาค|เขตการปกครอง
จำนวนคนต่างด้าว|คงเหลือ|ทำงาน|ในประเทศไทย|ประเภท|ทั่วไป|สัญชาติ|อาชีพ
ผู้ลงทะเบียน|สมัครงาน|อาชีพ|อายุ
ตำแหน่งงานว่าง|อุตสาหกรรม|อายุ
การบรรจุงาน|อุตสาหกรรม|อายุ
อัตรา|ว่างงาน|ภาค
รายได้เฉลี่ย|ครอบครัว|ข้าราชการ|ประเภท|รายได้|ตำแหน่ง|ประเภท|ข้าราชการ
รายได้เฉลี่ย|ครอบครัว|ข้าราชการ|ประเภท|รายได้|ตำแหน่ง|ประเภท|ข้าราชการ|ภาค
ตำแหน่งงานว่าง|อุตสาหกรรม|อายุ
ตำแหน่งงานว่าง|อาชีพ|วุฒิการศึกษา
ผู้ลงทะเบียนสมัครงาน|อาชีพ|วุฒิการศึกษา
ร้อยละของครัวเรือน|หนี้สิน|มูลค่า|หนี้สิน|เฉลี่ย|ภาค|จังหวัด|ระหว่าง
ส่วนแบ่งรายได้ประจำ|การจำแนก|กลุ่ม|ภาค
ผู้ลงทะเบียนสมัครงาน|อาชีพ|อายุ
จำนวนประชากร|อายุ|ขึ้นไป|ระดับการศึกษา|สถานภาพ|แรงงาน|ไตรมาส
ค่าใช้จ่ายเฉลี่ย|ครอบครัวข้าราชการ|ประเภท|ค่าใช้จ่าย|ตำแหน่งประเภท|ข้าราชการ
ร้อยละ|ประชากร|อายุ|ขึ้นไป|สถานภาพ|แรงงาน
ร้อยละของครัวเรือน|รายได้|เฉลี่ย|สถานะ|ทาง|เ|ศร|ษฐ|สังคม
จำนวนผู้มีงานทำ|ที่อยู่|แรงงาน|ระบบ|นอก|ระบบ|สถานภาพการทำงาน|เพศ|ภาค
ค่าใช้จ่าย|เฉลี่ย|การเปลี่ยนแปลง|ภาค|จังหวัด|ระหว่าง
จำนวนผู้มีงานทำ|อาชีพ|อุตสาหกรรม|ไตรมาส
ค่าใช้จ่ายเฉลี่ย|ประเภท|ค่าใช้จ่าย|ภาค|เขตการปกครอง
จำนวนประชากร|อายุ|ขึ้นไป|สถานภาพสมรส|สถานภาพ|แรงงาน|ไตรมาส
จำนวนครัวเรือน|ประชากร|อายุ|ขึ้นไป|รับ|งาน|มา|ทำ|บ้าน|ประเภท|ผู้รับ|งาน|เพศ|เขตการปกครอง|ภาค
จำนวนครัวเรือน|เป็นหนี้|วัตถุประสงค์|การกู้|ยืม|ประเภท|หนี้สิน|สถานะ|ทาง|เ|ศร|ษฐ|สังคม
ค่าใช้จ่ายทั้งสิ้น|เฉลี่ย|คน|การเปลี่ยนแปลง|ภาค|จังหวัด|ระหว่าง
ร้อยละของข้าราชการ|อายุ|อายุ|ราชการ|ระดับการศึกษา|สถานภาพสมรส|ลักษณะ|การอยู่อาศัย|รายได้|คู่สมรส|ตำแหน่ง|ประเภท|ข้าราชการ|ภาค
มูลค่าทรัพย์สิน|ประเภท|บ้าน|ที่ดิน|สิ่งปลูกสร้าง|ยานพาหนะ|สินทรัพย์|ทางการเงิน|ภาค
จำนวนลูกจ้าง|อุตสาหกรรม|ระดับ|รายได้|ไตรมาส
จำนวนผู้มีงานทำ|ที่อยู่|แรงงาน|ระบบ|นอก|ระบบ|อุตสาหกรรม|เพศ|ภาค
จำนวนลูกจ้าง|เอกชน|ค่าจ้าง|เฉลี่ย|ผลประโยชน์|อื่น|อุตสาหกรรม|ไตรมาส
ร้อยละของข้าราชการ|ภาวะ|ทางการเงิน|วิธีการแก้ปัญหา|เมื่อ|รายได้ไม่พอกับค่าใช้จ่าย|ตำแหน่ง|ประเภท|ข้าราชการ
จำนวนหนี้สินเฉลี่ย|วัตถุประสงค์|การกู้|ยืม|ภาค|เขตการปกครอง
ร้อยละของครัวเรือน|หนี้สิน|มูลค่า|หนี้สิน|เฉลี่ย|เป็นหนี้|ภาค|จังหวัด|ระหว่าง
ค่าใช้จ่ายเฉลี่ย|ประเภท|ค่าใช้จ่าย|สถานะ|ทางสังคม
จำนวนผู้มีงานทำ|ระดับการศึกษา|อุตสาหกรรม|ไตรมาส
ร้อยละ|ผู้มีงานทำ|ชั่วโมง|การทำงาน|สัปดาห์
จำนวนผู้ว่างงาน|หางานทำ|ระยะเวลา|หางานทำ|ระดับการศึกษา|ไตรมาส
จำนวนผู้มีงานทำ|สถานภาพทำงาน|อาชีพ|ไตรมาส
จำนวนผู้มีงานทำ|สถานภาพการทำงาน|ชั่วโมง|ทำงานต่อ|สัปดาห์|เวลา|เหลือ|พอ|ต้องการ|ทำงาน|เพิ่มขึ้น|ไตรมาส
จำนวนลูกจ้าง|ค่าจ้าง|เฉลี่ย|ผลประโยชน์|อุตสาหกรรม|ไตรมาส
ร้อยละ|ผู้มีงานทำ|อุตสาหกรรม
จำนวนผู้มีงานทำ|อาชีพ|ชั่วโมง|ทำงานต่อ|สัปดาห์|เวลา|เหลือ|พอ|ต้องการ|ทำงาน|เพิ่มขึ้น|ไตรมาส
จำนวนผู้มีงานทำ|สถานภาพทำงาน|อุตสาหกรรม|ไตรมาส
จำนวนผู้มีงานทำ|ระดับการศึกษา|อาชีพ|ไตรมาส
จำนวนผู้ว่างงาน|เคยทำงานมาก่อน|อาชีพ|ทำครั้งสุดท้าย|อุตสาหกรรม|ทำครั้งสุดท้าย|ไตรมาส
จำนวนลูกจ้างรัฐบาล|ค่าจ้าง|เฉลี่ย|ผลประโยชน์|อื่น|อุตสาหกรรม|ไตรมาส
